article_title,links_to_full_article
" ANALYSING THE CONSUMER PROTECTION ACT, 2019: EMPOWERING CONSUMERS IN THE DIGITAL AGE ",/legal-disrupt/articles/analysing-consumer-protection-act-2019-empowering-consumers-digital-age/
 Navigating the Intricacies of Family Law: Protecting the Ties That Bind ,/legal-disrupt/articles/navigating-intricacies-family-law-protecting-ties-bind/
 Understanding Criminal Law: Safeguarding Society through Justice ,/legal-disrupt/articles/understanding-criminal-law-safeguarding-society-through-justice/
" Overview of Amendment in Consumer Protection Act, 2019 ",/legal-disrupt/articles/overview-amendment-consumer-protection-act-2019/
 OVERVIEW OF COMPLIANCE RELATED TO POSH ACT ,/legal-disrupt/articles/overview-compliance-related-posh-act/
 CONTENT OF A SALE DEED ,/legal-disrupt/articles/content-sale-deed/
 CYBER CRIME AGAINST INTELLECTUAL PROPERTY ,/legal-disrupt/articles/cyber-crime-against-intellectual-property/
 PATENT IN PHARMA ,/legal-disrupt/articles/patent-pharma/
 PROTECTION FROM EMPLOYMENT DISCRIMINATION ,/legal-disrupt/articles/protection-employment-discrimination/
 SPECIAL SUITS UNDER CPC ,/legal-disrupt/articles/special-suits-under-cpc/
 ANALYSIS OF CONFLICT BETWEEN TRIPS AND CBD ,/legal-disrupt/articles/analysis-conflict-between-trips-and-cbd/
 AN OVERVIEW OF INTELLECTUAL PROPERTY RIGHT ISSUES IN CYBERSPACE ,/legal-disrupt/articles/overview-intellectual-property-right-issues-cyberspace/
 LOK ADALATS- ‘AN ADR MECHANISM’ ,/legal-disrupt/articles/lok-adalats-an-adr-mechanism/
 INTERFACE BETWEEN IBC AND OTHER STATUTES ,/legal-disrupt/articles/interface-between-ibc-and-other-statutes/
" COMPETITION AND CONSUMER PROTECTION: A COMPARATIVE STUDY OF INDIA, USA AND UK ",/legal-disrupt/articles/competition-and-consumer-protection-comparative-study-india-usa-and-uk/
 POSH ACT AND ITS CHALLENGES ,/legal-disrupt/articles/posh-act-and-its-challenges/
 INSOLVENCY RESOLUTION PROCESS FOR INDIVIDUAL ,/legal-disrupt/articles/insolvency-resolution-process-individual/
 LIABILITY IN CORPORATE FRAUD ,/legal-disrupt/articles/liability-corporate-fraud/
 ADR IN CRIMINAL CASES ,/legal-disrupt/articles/adr-criminal-cases/
 DOMAIN NAME: INFRINGEMENT OF TRADES ,/legal-disrupt/articles/domain-name-infringement-trades/
 Various Sources of Startup Funding in India ,/legal-disrupt/articles/various-sources-startup-funding-india/
 Understanding the Appeal Process under GST ,/legal-disrupt/articles/understanding-appeal-process-under-gst/
 CRITICAL ASPECTS OF THE APPLE V/S SAMSUNG PATENT WAR(2018) ,/legal-disrupt/articles/critical-aspects-apple-vs-samsung-patent-war2018/
 ROLE OF INDIAN IPR LAWS IN SAFEGUARDING THE BIODIVERSITY ,/legal-disrupt/articles/role-indian-ipr-laws-safeguarding-biodiversity/
 IDENTITY THEFT:UNDERSTANDING IT’S  NUANCES ,/legal-disrupt/articles/identity-theft-understanding-its-nuances/
 UNRAVELING DIGITAL RAPE ,/legal-disrupt/articles/unraveling-digital-rape/
" JUDICIAL APPROACH TO SECTION 9 OF HMA,1955 ",/legal-disrupt/articles/judicial-approach-section-9-hma1955/
 THE JAYPEE INFRATECH LIMITED AND THE PETITION FOR INSOLVENCY ,/legal-disrupt/articles/jaypee-infratech-limited-and-petition-insolvency/
 RELIEF FROM DOUBLE TAXATION ,/legal-disrupt/articles/relief-double-taxation/
 BUILDING IPR CULTURE : TRADEMARK COMPLIANCE FOR STARTUPS ,/legal-disrupt/articles/building-ipr-culture-trademark-compliance-startups/
